sku,original_title,improved_title,product_description,bullet_point_features,seo_meta_description
HM-001,Minimal Desk Organizer,Minimal Desk Organizer - Bamboo Office Storage for remote workers,"Upgrade your routine with Minimal Desk Organizer, a office storage designed for remote workers. Made with bamboo, this product focuses on five compartments, phone slot, smooth finish. It is easy to position in a Shopify catalog and clear enough for customers to understand the value quickly.","- five compartments
- phone slot
- smooth finish","Shop Minimal Desk Organizer, a bamboo office storage with five compartments, phone slot, smooth finish for remote workers."
KT-014,Reusable Produce Bag Set,Reusable Produce Bag Set - Organic Cotton Kitchen Accessories for eco-conscious shoppers,"Upgrade your routine with Reusable Produce Bag Set, a kitchen accessories designed for eco-conscious shoppers. Made with organic cotton, this product focuses on machine washable, lightweight mesh, drawstring closure. It is easy to position in a Shopify catalog and clear enough for customers to understand the value quickly.","- machine washable
- lightweight mesh
- drawstring closure","Shop Reusable Produce Bag Set, a organic cotton kitchen accessories with machine washable, lightweight mesh, drawstring closure for eco-conscious shoppers."
FT-220,Quick Dry Gym Towel,Quick Dry Gym Towel - Microfiber Fitness Gear for gym members,"Upgrade your routine with Quick Dry Gym Towel, a fitness gear designed for gym members. Made with microfiber, this product focuses on compact size, fast drying, odor resistant. It is easy to position in a Shopify catalog and clear enough for customers to understand the value quickly.","- compact size
- fast drying
- odor resistant","Shop Quick Dry Gym Towel, a microfiber fitness gear with compact size, fast drying, odor resistant for gym members."
PT-105,Pet Travel Water Bottle,Pet Travel Water Bottle - BPA-Free Plastic Pet Supplies for dog owners,"Upgrade your routine with Pet Travel Water Bottle, a pet supplies designed for dog owners. Made with bpa-free plastic, this product focuses on leakproof lock, built-in bowl, carabiner clip. It is easy to position in a Shopify catalog and clear enough for customers to understand the value quickly.","- leakproof lock
- built-in bowl
- carabiner clip","Shop Pet Travel Water Bottle, a bpa-free plastic pet supplies with leakproof lock, built-in bowl, carabiner clip for dog owners."
HB-330,Soft Knit Throw Blanket,Soft Knit Throw Blanket - Recycled Polyester Home Decor for apartment renters,"Upgrade your routine with Soft Knit Throw Blanket, a home decor designed for apartment renters. Made with recycled polyester, this product focuses on cozy texture, machine washable, neutral color palette. It is easy to position in a Shopify catalog and clear enough for customers to understand the value quickly.","- cozy texture
- machine washable
- neutral color palette","Shop Soft Knit Throw Blanket, a recycled polyester home decor with cozy texture, machine washable, neutral color palette for apartment renters."
